participant_ID,condition,voice,n_trials,n_hits,mean_RT_IR,hit_rate,corrected_mem_score,condition_voice
232,HH,Active,4,4,885.0,1.0,0.833,HH_Active
232,HH,Passive,4,4,1061.5,1.0,0.833,HH_Passive
232,HL,Active,4,4,909.25,1.0,0.833,HL_Active
232,HL,Passive,4,4,997.0,1.0,0.833,HL_Passive
232,LH,Active,4,4,849.75,1.0,0.833,LH_Active
232,LH,Passive,4,3,927.0,0.75,0.583,LH_Passive
232,LL,Active,4,4,916.25,1.0,0.833,LL_Active
232,LL,Passive,4,4,1061.0,1.0,0.833,LL_Passive
235,HH,Active,4,3,2088.0,0.75,0.583,HH_Active
235,HH,Passive,4,4,1841.0,1.0,0.833,HH_Passive
235,HL,Active,4,3,1017.0,0.75,0.583,HL_Active
235,HL,Passive,4,4,1113.75,1.0,0.833,HL_Passive
235,LH,Active,4,3,1365.6666666666667,0.75,0.583,LH_Active
235,LH,Passive,4,3,1723.3333333333333,0.75,0.583,LH_Passive
235,LL,Active,4,4,1700.5,1.0,0.833,LL_Active
235,LL,Passive,4,1,1372.0,0.25,0.08299999999999999,LL_Passive
236,HH,Active,4,4,1586.75,1.0,0.833,HH_Active
236,HH,Passive,4,4,1149.0,1.0,0.833,HH_Passive
236,HL,Active,4,4,1508.75,1.0,0.833,HL_Active
236,HL,Passive,4,4,1726.0,1.0,0.833,HL_Passive
236,LH,Active,4,3,1509.3333333333333,0.75,0.583,LH_Active
236,LH,Passive,4,4,1763.25,1.0,0.833,LH_Passive
236,LL,Active,4,4,1871.5,1.0,0.833,LL_Active
236,LL,Passive,4,4,1840.75,1.0,0.833,LL_Passive
241,HH,Active,4,3,1964.3333333333333,0.75,0.583,HH_Active
241,HH,Passive,4,4,2242.5,1.0,0.833,HH_Passive
241,HL,Active,4,3,1801.0,0.75,0.583,HL_Active
241,HL,Passive,4,4,1730.75,1.0,0.833,HL_Passive
241,LH,Active,4,3,1632.6666666666667,0.75,0.583,LH_Active
241,LH,Passive,4,4,1851.25,1.0,0.833,LH_Passive
241,LL,Active,4,3,1852.6666666666667,0.75,0.583,LL_Active
241,LL,Passive,4,4,1729.75,1.0,0.833,LL_Passive
242,HH,Active,4,4,2057.25,1.0,0.833,HH_Active
242,HH,Passive,4,3,1498.0,0.75,0.583,HH_Passive
242,HL,Active,4,4,1582.25,1.0,0.833,HL_Active
242,HL,Passive,4,4,1639.75,1.0,0.833,HL_Passive
242,LH,Active,4,4,1422.0,1.0,0.833,LH_Active
242,LH,Passive,4,4,1695.75,1.0,0.833,LH_Passive
242,LL,Active,4,2,1329.5,0.5,0.33299999999999996,LL_Active
242,LL,Passive,4,3,1706.3333333333333,0.75,0.583,LL_Passive
243,HH,Active,4,4,1919.75,1.0,0.833,HH_Active
243,HH,Passive,4,4,2600.5,1.0,0.833,HH_Passive
243,HL,Active,4,4,2477.25,1.0,0.833,HL_Active
243,HL,Passive,4,4,2886.75,1.0,0.833,HL_Passive
243,LH,Active,4,3,2432.0,0.75,0.583,LH_Active
243,LH,Passive,4,4,2321.5,1.0,0.833,LH_Passive
243,LL,Active,4,4,2172.25,1.0,0.833,LL_Active
243,LL,Passive,4,4,2735.0,1.0,0.833,LL_Passive
245,HH,Active,4,2,1252.5,0.5,0.33299999999999996,HH_Active
245,HH,Passive,4,0,,0.0,-0.167,HH_Passive
245,HL,Active,4,2,1206.5,0.5,0.33299999999999996,HL_Active
245,HL,Passive,4,1,3834.0,0.25,0.08299999999999999,HL_Passive
245,LH,Active,4,2,1690.5,0.5,0.33299999999999996,LH_Active
245,LH,Passive,4,1,1415.0,0.25,0.08299999999999999,LH_Passive
245,LL,Active,4,0,,0.0,-0.167,LL_Active
245,LL,Passive,4,1,2128.0,0.25,0.08299999999999999,LL_Passive
246,HH,Active,4,3,1949.0,0.75,0.583,HH_Active
246,HH,Passive,4,2,1591.5,0.5,0.33299999999999996,HH_Passive
246,HL,Active,4,2,1901.5,0.5,0.33299999999999996,HL_Active
246,HL,Passive,4,2,1678.0,0.5,0.33299999999999996,HL_Passive
246,LH,Active,4,2,1756.5,0.5,0.33299999999999996,LH_Active
246,LH,Passive,4,2,1798.5,0.5,0.33299999999999996,LH_Passive
246,LL,Active,4,2,1318.5,0.5,0.33299999999999996,LL_Active
246,LL,Passive,4,2,1875.5,0.5,0.33299999999999996,LL_Passive
247,HH,Active,4,4,1974.0,1.0,0.833,HH_Active
247,HH,Passive,4,4,1621.25,1.0,0.833,HH_Passive
247,HL,Active,4,3,1381.3333333333333,0.75,0.583,HL_Active
247,HL,Passive,4,3,1737.3333333333333,0.75,0.583,HL_Passive
247,LH,Active,4,4,1918.5,1.0,0.833,LH_Active
247,LH,Passive,4,4,1759.5,1.0,0.833,LH_Passive
247,LL,Active,4,3,2120.6666666666665,0.75,0.583,LL_Active
247,LL,Passive,4,4,2092.0,1.0,0.833,LL_Passive
249,HH,Active,4,4,1822.0,1.0,0.833,HH_Active
249,HH,Passive,4,2,1827.5,0.5,0.33299999999999996,HH_Passive
249,HL,Active,4,1,1714.0,0.25,0.08299999999999999,HL_Active
249,HL,Passive,4,4,1580.0,1.0,0.833,HL_Passive
249,LH,Active,4,3,1276.6666666666667,0.75,0.583,LH_Active
249,LH,Passive,4,3,1831.0,0.75,0.583,LH_Passive
249,LL,Active,4,3,1577.0,0.75,0.583,LL_Active
249,LL,Passive,4,2,1432.5,0.5,0.33299999999999996,LL_Passive
251,HH,Active,4,4,2207.25,1.0,0.833,HH_Active
251,HH,Passive,4,4,2371.75,1.0,0.833,HH_Passive
251,HL,Active,4,4,1856.75,1.0,0.833,HL_Active
251,HL,Passive,4,4,1667.75,1.0,0.833,HL_Passive
251,LH,Active,4,4,1689.5,1.0,0.833,LH_Active
251,LH,Passive,4,3,1996.0,0.75,0.583,LH_Passive
251,LL,Active,4,4,2053.75,1.0,0.833,LL_Active
251,LL,Passive,4,4,1643.25,1.0,0.833,LL_Passive
252,HH,Active,4,4,1239.5,1.0,0.833,HH_Active
252,HH,Passive,4,4,1113.0,1.0,0.833,HH_Passive
252,HL,Active,4,4,1238.75,1.0,0.833,HL_Active
252,HL,Passive,4,4,1466.75,1.0,0.833,HL_Passive
252,LH,Active,4,4,1185.5,1.0,0.833,LH_Active
252,LH,Passive,4,4,1422.75,1.0,0.833,LH_Passive
252,LL,Active,4,4,1390.5,1.0,0.833,LL_Active
252,LL,Passive,4,2,1745.0,0.5,0.33299999999999996,LL_Passive
253,HH,Active,4,4,1637.25,1.0,0.833,HH_Active
253,HH,Passive,4,4,1687.25,1.0,0.833,HH_Passive
253,HL,Active,4,4,1219.25,1.0,0.833,HL_Active
253,HL,Passive,4,4,1166.25,1.0,0.833,HL_Passive
253,LH,Active,4,4,1726.0,1.0,0.833,LH_Active
253,LH,Passive,4,4,1334.25,1.0,0.833,LH_Passive
253,LL,Active,4,4,1595.25,1.0,0.833,LL_Active
253,LL,Passive,4,4,1610.0,1.0,0.833,LL_Passive
254,HH,Active,4,2,2145.5,0.5,0.33299999999999996,HH_Active
254,HH,Passive,4,4,1938.0,1.0,0.833,HH_Passive
254,HL,Active,4,4,2192.5,1.0,0.833,HL_Active
254,HL,Passive,4,4,2252.0,1.0,0.833,HL_Passive
254,LH,Active,4,2,2155.0,0.5,0.33299999999999996,LH_Active
254,LH,Passive,4,3,1890.0,0.75,0.583,LH_Passive
254,LL,Active,4,3,2005.0,0.75,0.583,LL_Active
254,LL,Passive,4,3,2749.0,0.75,0.583,LL_Passive
256,HH,Active,4,4,1542.25,1.0,0.833,HH_Active
256,HH,Passive,4,4,2489.25,1.0,0.833,HH_Passive
256,HL,Active,4,4,2455.25,1.0,0.833,HL_Active
256,HL,Passive,4,4,2849.25,1.0,0.833,HL_Passive
256,LH,Active,4,4,2201.75,1.0,0.833,LH_Active
256,LH,Passive,4,4,1694.75,1.0,0.833,LH_Passive
256,LL,Active,4,4,2547.75,1.0,0.833,LL_Active
256,LL,Passive,4,3,1885.6666666666667,0.75,0.583,LL_Passive
257,HH,Active,4,1,1977.0,0.25,0.08299999999999999,HH_Active
257,HH,Passive,4,1,1799.0,0.25,0.08299999999999999,HH_Passive
257,HL,Active,4,1,1497.0,0.25,0.08299999999999999,HL_Active
257,HL,Passive,4,0,,0.0,-0.167,HL_Passive
257,LH,Active,4,3,1990.0,0.75,0.583,LH_Active
257,LH,Passive,4,1,2526.0,0.25,0.08299999999999999,LH_Passive
257,LL,Active,4,4,1686.75,1.0,0.833,LL_Active
257,LL,Passive,4,3,2444.0,0.75,0.583,LL_Passive
258,HH,Active,4,4,2184.75,1.0,0.833,HH_Active
258,HH,Passive,4,3,1733.6666666666667,0.75,0.583,HH_Passive
258,HL,Active,4,3,2524.3333333333335,0.75,0.583,HL_Active
258,HL,Passive,4,4,1842.5,1.0,0.833,HL_Passive
258,LH,Active,4,3,2654.6666666666665,0.75,0.583,LH_Active
258,LH,Passive,4,3,2301.0,0.75,0.583,LH_Passive
258,LL,Active,4,4,1943.0,1.0,0.833,LL_Active
258,LL,Passive,4,4,2118.25,1.0,0.833,LL_Passive
259,HH,Active,4,3,2025.0,0.75,0.583,HH_Active
259,HH,Passive,4,3,1792.3333333333333,0.75,0.583,HH_Passive
259,HL,Active,4,3,2348.6666666666665,0.75,0.583,HL_Active
259,HL,Passive,4,3,1671.3333333333333,0.75,0.583,HL_Passive
259,LH,Active,4,3,1330.0,0.75,0.583,LH_Active
259,LH,Passive,4,3,2179.0,0.75,0.583,LH_Passive
259,LL,Active,4,4,1920.25,1.0,0.833,LL_Active
259,LL,Passive,4,3,1917.0,0.75,0.583,LL_Passive
260,HH,Active,4,3,2390.0,0.75,0.583,HH_Active
260,HH,Passive,4,3,1577.6666666666667,0.75,0.583,HH_Passive
260,HL,Active,4,3,1564.3333333333333,0.75,0.583,HL_Active
260,HL,Passive,4,4,1754.0,1.0,0.833,HL_Passive
260,LH,Active,4,4,1831.25,1.0,0.833,LH_Active
260,LH,Passive,4,3,1702.0,0.75,0.583,LH_Passive
260,LL,Active,4,3,2751.3333333333335,0.75,0.583,LL_Active
260,LL,Passive,4,3,1949.0,0.75,0.583,LL_Passive
261,HH,Active,4,4,1026.0,1.0,0.833,HH_Active
261,HH,Passive,4,4,1419.25,1.0,0.833,HH_Passive
261,HL,Active,4,4,1641.0,1.0,0.833,HL_Active
261,HL,Passive,4,4,1732.25,1.0,0.833,HL_Passive
261,LH,Active,4,4,1061.25,1.0,0.833,LH_Active
261,LH,Passive,4,4,1629.75,1.0,0.833,LH_Passive
261,LL,Active,4,4,1406.0,1.0,0.833,LL_Active
261,LL,Passive,4,4,1538.75,1.0,0.833,LL_Passive
262,HH,Active,4,4,1958.0,1.0,0.833,HH_Active
262,HH,Passive,4,4,2294.0,1.0,0.833,HH_Passive
262,HL,Active,4,2,2299.5,0.5,0.33299999999999996,HL_Active
262,HL,Passive,4,4,2639.5,1.0,0.833,HL_Passive
262,LH,Active,4,4,1280.25,1.0,0.833,LH_Active
262,LH,Passive,4,4,1997.25,1.0,0.833,LH_Passive
262,LL,Active,4,1,1558.0,0.25,0.08299999999999999,LL_Active
262,LL,Passive,4,3,2610.3333333333335,0.75,0.583,LL_Passive
263,HH,Active,4,3,2269.0,0.75,0.583,HH_Active
263,HH,Passive,4,3,2016.0,0.75,0.583,HH_Passive
263,HL,Active,4,2,1418.0,0.5,0.33299999999999996,HL_Active
263,HL,Passive,4,1,1605.0,0.25,0.08299999999999999,HL_Passive
263,LH,Active,4,3,1597.0,0.75,0.583,LH_Active
263,LH,Passive,4,2,1092.5,0.5,0.33299999999999996,LH_Passive
263,LL,Active,4,2,1488.0,0.5,0.33299999999999996,LL_Active
263,LL,Passive,4,4,1937.25,1.0,0.833,LL_Passive
264,HH,Active,4,4,1577.25,1.0,0.833,HH_Active
264,HH,Passive,4,4,1202.5,1.0,0.833,HH_Passive
264,HL,Active,4,4,1219.25,1.0,0.833,HL_Active
264,HL,Passive,4,4,1343.25,1.0,0.833,HL_Passive
264,LH,Active,4,4,1152.75,1.0,0.833,LH_Active
264,LH,Passive,4,4,1085.0,1.0,0.833,LH_Passive
264,LL,Active,4,4,1240.5,1.0,0.833,LL_Active
264,LL,Passive,4,3,1072.3333333333333,0.75,0.583,LL_Passive
266,HH,Active,4,3,1152.6666666666667,0.75,0.583,HH_Active
266,HH,Passive,4,4,1971.75,1.0,0.833,HH_Passive
266,HL,Active,4,3,2173.0,0.75,0.583,HL_Active
266,HL,Passive,4,4,1135.5,1.0,0.833,HL_Passive
266,LH,Active,4,3,1104.6666666666667,0.75,0.583,LH_Active
266,LH,Passive,4,4,1262.0,1.0,0.833,LH_Passive
266,LL,Active,4,4,1307.0,1.0,0.833,LL_Active
266,LL,Passive,4,4,1670.0,1.0,0.833,LL_Passive
267,HH,Active,4,4,1575.25,1.0,0.833,HH_Active
267,HH,Passive,4,4,2263.0,1.0,0.833,HH_Passive
267,HL,Active,4,4,2120.0,1.0,0.833,HL_Active
267,HL,Passive,4,4,1521.0,1.0,0.833,HL_Passive
267,LH,Active,4,4,1600.5,1.0,0.833,LH_Active
267,LH,Passive,4,4,1678.5,1.0,0.833,LH_Passive
267,LL,Active,4,4,1911.0,1.0,0.833,LL_Active
267,LL,Passive,4,4,1668.0,1.0,0.833,LL_Passive
269,HH,Active,4,4,951.5,1.0,0.833,HH_Active
269,HH,Passive,4,4,1177.0,1.0,0.833,HH_Passive
269,HL,Active,4,3,1227.3333333333333,0.75,0.583,HL_Active
269,HL,Passive,4,4,1131.5,1.0,0.833,HL_Passive
269,LH,Active,4,4,933.75,1.0,0.833,LH_Active
269,LH,Passive,4,2,1454.0,0.5,0.33299999999999996,LH_Passive
269,LL,Active,4,2,2142.0,0.5,0.33299999999999996,LL_Active
269,LL,Passive,4,4,1307.75,1.0,0.833,LL_Passive
270,HH,Active,4,0,,0.0,-0.167,HH_Active
270,HH,Passive,4,3,1611.3333333333333,0.75,0.583,HH_Passive
270,HL,Active,4,3,2421.6666666666665,0.75,0.583,HL_Active
270,HL,Passive,4,3,1783.6666666666667,0.75,0.583,HL_Passive
270,LH,Active,4,4,1742.75,1.0,0.833,LH_Active
270,LH,Passive,4,4,1706.5,1.0,0.833,LH_Passive
270,LL,Active,4,4,1958.5,1.0,0.833,LL_Active
270,LL,Passive,4,4,1712.75,1.0,0.833,LL_Passive
273,HH,Active,4,2,1236.0,0.5,0.33299999999999996,HH_Active
273,HH,Passive,4,1,986.0,0.25,0.08299999999999999,HH_Passive
273,HL,Active,4,2,1190.5,0.5,0.33299999999999996,HL_Active
273,HL,Passive,4,3,1961.0,0.75,0.583,HL_Passive
273,LH,Active,4,2,2434.5,0.5,0.33299999999999996,LH_Active
273,LH,Passive,4,3,2618.3333333333335,0.75,0.583,LH_Passive
273,LL,Active,4,2,1777.0,0.5,0.33299999999999996,LL_Active
273,LL,Passive,4,1,1613.0,0.25,0.08299999999999999,LL_Passive
276,HH,Active,4,3,1513.3333333333333,0.75,0.583,HH_Active
276,HH,Passive,4,4,2620.0,1.0,0.833,HH_Passive
276,HL,Active,4,2,1775.0,0.5,0.33299999999999996,HL_Active
276,HL,Passive,4,3,1968.6666666666667,0.75,0.583,HL_Passive
276,LH,Active,4,3,1818.3333333333333,0.75,0.583,LH_Active
276,LH,Passive,4,4,1729.75,1.0,0.833,LH_Passive
276,LL,Active,4,3,1884.0,0.75,0.583,LL_Active
276,LL,Passive,4,3,2377.3333333333335,0.75,0.583,LL_Passive
277,HH,Active,4,4,1349.25,1.0,0.833,HH_Active
277,HH,Passive,4,4,2235.0,1.0,0.833,HH_Passive
277,HL,Active,4,3,970.3333333333334,0.75,0.583,HL_Active
277,HL,Passive,4,4,1342.25,1.0,0.833,HL_Passive
277,LH,Active,4,4,1629.75,1.0,0.833,LH_Active
277,LH,Passive,4,4,1868.25,1.0,0.833,LH_Passive
277,LL,Active,4,4,1638.0,1.0,0.833,LL_Active
277,LL,Passive,4,4,1920.0,1.0,0.833,LL_Passive
279,HH,Active,4,4,1750.75,1.0,0.833,HH_Active
279,HH,Passive,4,4,2299.75,1.0,0.833,HH_Passive
279,HL,Active,4,4,1636.5,1.0,0.833,HL_Active
279,HL,Passive,4,4,2343.5,1.0,0.833,HL_Passive
279,LH,Active,4,4,2030.5,1.0,0.833,LH_Active
279,LH,Passive,4,4,2496.75,1.0,0.833,LH_Passive
279,LL,Active,4,4,2038.25,1.0,0.833,LL_Active
279,LL,Passive,4,3,2466.3333333333335,0.75,0.583,LL_Passive
280,HH,Active,4,4,1868.5,1.0,0.833,HH_Active
280,HH,Passive,4,4,1596.25,1.0,0.833,HH_Passive
280,HL,Active,4,4,1661.0,1.0,0.833,HL_Active
280,HL,Passive,4,4,1619.5,1.0,0.833,HL_Passive
280,LH,Active,4,4,1582.75,1.0,0.833,LH_Active
280,LH,Passive,4,4,1542.0,1.0,0.833,LH_Passive
280,LL,Active,4,3,1474.0,0.75,0.583,LL_Active
280,LL,Passive,4,4,1574.75,1.0,0.833,LL_Passive
281,HH,Active,4,2,1587.5,0.5,0.33299999999999996,HH_Active
281,HH,Passive,4,3,2097.3333333333335,0.75,0.583,HH_Passive
281,HL,Active,4,4,1776.25,1.0,0.833,HL_Active
281,HL,Passive,4,3,1665.6666666666667,0.75,0.583,HL_Passive
281,LH,Active,4,3,1838.6666666666667,0.75,0.583,LH_Active
281,LH,Passive,4,2,1619.0,0.5,0.33299999999999996,LH_Passive
281,LL,Active,4,4,2118.75,1.0,0.833,LL_Active
281,LL,Passive,4,4,1600.75,1.0,0.833,LL_Passive
282,HH,Active,4,4,1572.5,1.0,0.833,HH_Active
282,HH,Passive,4,4,2192.5,1.0,0.833,HH_Passive
282,HL,Active,4,4,1429.5,1.0,0.833,HL_Active
282,HL,Passive,4,4,2001.0,1.0,0.833,HL_Passive
282,LH,Active,4,3,1476.6666666666667,0.75,0.583,LH_Active
282,LH,Passive,4,4,1706.75,1.0,0.833,LH_Passive
282,LL,Active,4,2,1232.0,0.5,0.33299999999999996,LL_Active
282,LL,Passive,4,4,1963.75,1.0,0.833,LL_Passive
283,HH,Active,4,2,1810.0,0.5,0.33299999999999996,HH_Active
283,HH,Passive,4,1,1674.0,0.25,0.08299999999999999,HH_Passive
283,HL,Active,4,2,2110.0,0.5,0.33299999999999996,HL_Active
283,HL,Passive,4,2,2072.5,0.5,0.33299999999999996,HL_Passive
283,LH,Active,4,3,1852.6666666666667,0.75,0.583,LH_Active
283,LH,Passive,4,1,1885.0,0.25,0.08299999999999999,LH_Passive
283,LL,Active,4,1,2587.0,0.25,0.08299999999999999,LL_Active
283,LL,Passive,4,2,1385.5,0.5,0.33299999999999996,LL_Passive
285,HH,Active,4,3,1445.3333333333333,0.75,0.583,HH_Active
285,HH,Passive,4,4,1492.25,1.0,0.833,HH_Passive
285,HL,Active,4,4,1396.75,1.0,0.833,HL_Active
285,HL,Passive,4,4,1601.25,1.0,0.833,HL_Passive
285,LH,Active,4,4,1131.25,1.0,0.833,LH_Active
285,LH,Passive,4,4,1491.5,1.0,0.833,LH_Passive
285,LL,Active,4,4,1521.25,1.0,0.833,LL_Active
285,LL,Passive,4,3,1355.3333333333333,0.75,0.583,LL_Passive
286,HH,Active,4,2,1780.0,0.5,0.33299999999999996,HH_Active
286,HH,Passive,4,2,1544.5,0.5,0.33299999999999996,HH_Passive
286,HL,Active,4,3,2232.3333333333335,0.75,0.583,HL_Active
286,HL,Passive,4,2,1583.0,0.5,0.33299999999999996,HL_Passive
286,LH,Active,4,3,1270.3333333333333,0.75,0.583,LH_Active
286,LH,Passive,4,2,1495.5,0.5,0.33299999999999996,LH_Passive
286,LL,Active,4,2,1597.5,0.5,0.33299999999999996,LL_Active
286,LL,Passive,4,3,1968.6666666666667,0.75,0.583,LL_Passive
289,HH,Active,4,3,2097.0,0.75,0.583,HH_Active
289,HH,Passive,4,3,1745.6666666666667,0.75,0.583,HH_Passive
289,HL,Active,4,4,1322.5,1.0,0.833,HL_Active
289,HL,Passive,4,3,1959.3333333333333,0.75,0.583,HL_Passive
289,LH,Active,4,4,1829.0,1.0,0.833,LH_Active
289,LH,Passive,4,4,1947.5,1.0,0.833,LH_Passive
289,LL,Active,4,4,1910.5,1.0,0.833,LL_Active
289,LL,Passive,4,3,2055.6666666666665,0.75,0.583,LL_Passive
290,HH,Active,4,4,1428.5,1.0,0.833,HH_Active
290,HH,Passive,4,4,1854.25,1.0,0.833,HH_Passive
290,HL,Active,4,4,1434.5,1.0,0.833,HL_Active
290,HL,Passive,4,4,1364.0,1.0,0.833,HL_Passive
290,LH,Active,4,3,1446.3333333333333,0.75,0.583,LH_Active
290,LH,Passive,4,4,2378.25,1.0,0.833,LH_Passive
290,LL,Active,4,4,1731.5,1.0,0.833,LL_Active
290,LL,Passive,4,4,1836.0,1.0,0.833,LL_Passive
292,HH,Active,4,3,1229.6666666666667,0.75,0.583,HH_Active
292,HH,Passive,4,4,1230.0,1.0,0.833,HH_Passive
292,HL,Active,4,4,1007.0,1.0,0.833,HL_Active
292,HL,Passive,4,3,1064.0,0.75,0.583,HL_Passive
292,LH,Active,4,4,990.0,1.0,0.833,LH_Active
292,LH,Passive,4,4,1168.5,1.0,0.833,LH_Passive
292,LL,Active,4,2,1656.5,0.5,0.33299999999999996,LL_Active
292,LL,Passive,4,4,1098.25,1.0,0.833,LL_Passive
293,HH,Active,4,3,2044.3333333333333,0.75,0.583,HH_Active
293,HH,Passive,4,4,2130.0,1.0,0.833,HH_Passive
293,HL,Active,4,4,1828.5,1.0,0.833,HL_Active
293,HL,Passive,4,4,2148.0,1.0,0.833,HL_Passive
293,LH,Active,4,3,1749.0,0.75,0.583,LH_Active
293,LH,Passive,4,4,1745.5,1.0,0.833,LH_Passive
293,LL,Active,4,4,1406.0,1.0,0.833,LL_Active
293,LL,Passive,4,3,1982.3333333333333,0.75,0.583,LL_Passive
294,HH,Active,4,4,1518.75,1.0,0.833,HH_Active
294,HH,Passive,4,4,1597.5,1.0,0.833,HH_Passive
294,HL,Active,4,4,942.5,1.0,0.833,HL_Active
294,HL,Passive,4,4,2075.25,1.0,0.833,HL_Passive
294,LH,Active,4,4,2221.25,1.0,0.833,LH_Active
294,LH,Passive,4,3,1323.6666666666667,0.75,0.583,LH_Passive
294,LL,Active,4,3,1216.3333333333333,0.75,0.583,LL_Active
294,LL,Passive,4,4,1352.0,1.0,0.833,LL_Passive
295,HH,Active,4,3,1926.3333333333333,0.75,0.583,HH_Active
295,HH,Passive,4,4,1357.5,1.0,0.833,HH_Passive
295,HL,Active,4,4,1537.75,1.0,0.833,HL_Active
295,HL,Passive,4,4,1474.75,1.0,0.833,HL_Passive
295,LH,Active,4,3,1223.6666666666667,0.75,0.583,LH_Active
295,LH,Passive,4,4,1709.0,1.0,0.833,LH_Passive
295,LL,Active,4,4,1294.25,1.0,0.833,LL_Active
295,LL,Passive,4,3,2459.6666666666665,0.75,0.583,LL_Passive
296,HH,Active,4,4,1544.5,1.0,0.833,HH_Active
296,HH,Passive,4,3,1429.3333333333333,0.75,0.583,HH_Passive
296,HL,Active,4,4,2251.0,1.0,0.833,HL_Active
296,HL,Passive,4,4,1835.25,1.0,0.833,HL_Passive
296,LH,Active,4,3,1536.0,0.75,0.583,LH_Active
296,LH,Passive,4,4,1331.0,1.0,0.833,LH_Passive
296,LL,Active,4,3,1371.6666666666667,0.75,0.583,LL_Active
296,LL,Passive,4,4,1746.75,1.0,0.833,LL_Passive
297,HH,Active,2,2,1697.0,1.0,0.833,HH_Active
297,HH,Passive,2,2,1365.0,1.0,0.833,HH_Passive
297,HL,Active,2,2,1308.5,1.0,0.833,HL_Active
297,HL,Passive,2,2,1251.5,1.0,0.833,HL_Passive
297,LH,Active,2,1,1423.0,0.5,0.33299999999999996,LH_Active
297,LH,Passive,2,2,1578.5,1.0,0.833,LH_Passive
297,LL,Active,2,2,2129.0,1.0,0.833,LL_Active
297,LL,Passive,2,2,1651.0,1.0,0.833,LL_Passive
298,HH,Active,4,3,1579.3333333333333,0.75,0.583,HH_Active
298,HH,Passive,4,2,1437.0,0.5,0.33299999999999996,HH_Passive
298,HL,Active,4,2,1461.5,0.5,0.33299999999999996,HL_Active
298,HL,Passive,4,2,1406.0,0.5,0.33299999999999996,HL_Passive
298,LH,Active,4,1,1048.0,0.25,0.08299999999999999,LH_Active
298,LH,Passive,4,3,1290.3333333333333,0.75,0.583,LH_Passive
298,LL,Active,4,3,1323.3333333333333,0.75,0.583,LL_Active
298,LL,Passive,4,0,,0.0,-0.167,LL_Passive
302,HH,Active,4,4,1306.75,1.0,0.833,HH_Active
302,HH,Passive,4,2,2765.0,0.5,0.33299999999999996,HH_Passive
302,HL,Active,4,3,1518.3333333333333,0.75,0.583,HL_Active
302,HL,Passive,4,3,2089.3333333333335,0.75,0.583,HL_Passive
302,LH,Active,4,4,2035.75,1.0,0.833,LH_Active
302,LH,Passive,4,2,1583.5,0.5,0.33299999999999996,LH_Passive
302,LL,Active,4,2,2676.5,0.5,0.33299999999999996,LL_Active
302,LL,Passive,4,4,1380.5,1.0,0.833,LL_Passive
303,HH,Active,4,3,2321.6666666666665,0.75,0.583,HH_Active
303,HH,Passive,4,4,2377.25,1.0,0.833,HH_Passive
303,HL,Active,4,4,2310.75,1.0,0.833,HL_Active
303,HL,Passive,4,3,2442.3333333333335,0.75,0.583,HL_Passive
303,LH,Active,4,4,2581.75,1.0,0.833,LH_Active
303,LH,Passive,4,4,2211.0,1.0,0.833,LH_Passive
303,LL,Active,4,3,2632.3333333333335,0.75,0.583,LL_Active
303,LL,Passive,4,4,2031.5,1.0,0.833,LL_Passive
304,HH,Active,4,3,1958.6666666666667,0.75,0.583,HH_Active
304,HH,Passive,4,2,1574.5,0.5,0.33299999999999996,HH_Passive
304,HL,Active,4,3,1908.0,0.75,0.583,HL_Active
304,HL,Passive,4,2,1428.5,0.5,0.33299999999999996,HL_Passive
304,LH,Active,4,4,2221.0,1.0,0.833,LH_Active
304,LH,Passive,4,4,1724.25,1.0,0.833,LH_Passive
304,LL,Active,4,3,1587.0,0.75,0.583,LL_Active
304,LL,Passive,4,3,1648.3333333333333,0.75,0.583,LL_Passive
305,HH,Active,4,4,1417.5,1.0,0.833,HH_Active
305,HH,Passive,4,4,1839.25,1.0,0.833,HH_Passive
305,HL,Active,4,4,1548.0,1.0,0.833,HL_Active
305,HL,Passive,4,4,1759.5,1.0,0.833,HL_Passive
305,LH,Active,4,4,1509.75,1.0,0.833,LH_Active
305,LH,Passive,4,4,1139.0,1.0,0.833,LH_Passive
305,LL,Active,4,4,1903.25,1.0,0.833,LL_Active
305,LL,Passive,4,4,2234.75,1.0,0.833,LL_Passive
307,HH,Active,4,4,1097.25,1.0,0.833,HH_Active
307,HH,Passive,4,4,959.0,1.0,0.833,HH_Passive
307,HL,Active,4,4,917.75,1.0,0.833,HL_Active
307,HL,Passive,4,4,981.5,1.0,0.833,HL_Passive
307,LH,Active,4,4,860.5,1.0,0.833,LH_Active
307,LH,Passive,4,4,851.25,1.0,0.833,LH_Passive
307,LL,Active,4,4,831.75,1.0,0.833,LL_Active
307,LL,Passive,4,4,929.0,1.0,0.833,LL_Passive
308,HH,Active,4,3,1815.0,0.75,0.583,HH_Active
308,HH,Passive,4,3,2114.0,0.75,0.583,HH_Passive
308,HL,Active,4,4,1708.0,1.0,0.833,HL_Active
308,HL,Passive,4,4,2172.5,1.0,0.833,HL_Passive
308,LH,Active,4,4,1810.0,1.0,0.833,LH_Active
308,LH,Passive,4,4,2009.0,1.0,0.833,LH_Passive
308,LL,Active,4,4,1743.5,1.0,0.833,LL_Active
308,LL,Passive,4,4,1917.75,1.0,0.833,LL_Passive
309,HH,Active,4,1,1215.0,0.25,0.08299999999999999,HH_Active
309,HH,Passive,4,2,1615.5,0.5,0.33299999999999996,HH_Passive
309,HL,Active,4,1,2564.0,0.25,0.08299999999999999,HL_Active
309,HL,Passive,4,0,,0.0,-0.167,HL_Passive
309,LH,Active,4,0,,0.0,-0.167,LH_Active
309,LH,Passive,4,1,2963.0,0.25,0.08299999999999999,LH_Passive
309,LL,Active,4,0,,0.0,-0.167,LL_Active
309,LL,Passive,4,0,,0.0,-0.167,LL_Passive
310,HH,Active,4,4,1191.5,1.0,0.833,HH_Active
310,HH,Passive,4,2,2781.5,0.5,0.33299999999999996,HH_Passive
310,HL,Active,4,4,1361.5,1.0,0.833,HL_Active
310,HL,Passive,4,4,1522.5,1.0,0.833,HL_Passive
310,LH,Active,4,4,1825.75,1.0,0.833,LH_Active
310,LH,Passive,4,3,1198.3333333333333,0.75,0.583,LH_Passive
310,LL,Active,4,4,1315.75,1.0,0.833,LL_Active
310,LL,Passive,4,1,2025.0,0.25,0.08299999999999999,LL_Passive
311,HH,Active,4,4,1722.0,1.0,0.833,HH_Active
311,HH,Passive,4,4,2034.75,1.0,0.833,HH_Passive
311,HL,Active,4,3,2335.0,0.75,0.583,HL_Active
311,HL,Passive,4,4,1888.0,1.0,0.833,HL_Passive
311,LH,Active,4,4,2272.5,1.0,0.833,LH_Active
311,LH,Passive,4,4,1957.75,1.0,0.833,LH_Passive
311,LL,Active,4,4,1918.5,1.0,0.833,LL_Active
311,LL,Passive,4,2,1858.5,0.5,0.33299999999999996,LL_Passive
312,HH,Active,4,4,1796.25,1.0,0.833,HH_Active
312,HH,Passive,4,4,2128.75,1.0,0.833,HH_Passive
312,HL,Active,4,4,1592.5,1.0,0.833,HL_Active
312,HL,Passive,4,3,1741.0,0.75,0.583,HL_Passive
312,LH,Active,4,4,2327.25,1.0,0.833,LH_Active
312,LH,Passive,4,4,1625.75,1.0,0.833,LH_Passive
312,LL,Active,4,3,1446.0,0.75,0.583,LL_Active
312,LL,Passive,4,3,2373.3333333333335,0.75,0.583,LL_Passive
313,HH,Active,4,4,1328.0,1.0,0.833,HH_Active
313,HH,Passive,4,4,1359.5,1.0,0.833,HH_Passive
313,HL,Active,4,4,987.25,1.0,0.833,HL_Active
313,HL,Passive,4,4,1327.5,1.0,0.833,HL_Passive
313,LH,Active,4,4,1063.25,1.0,0.833,LH_Active
313,LH,Passive,4,4,1167.75,1.0,0.833,LH_Passive
313,LL,Active,4,4,1413.25,1.0,0.833,LL_Active
313,LL,Passive,4,4,1586.0,1.0,0.833,LL_Passive
314,HH,Active,4,3,1140.0,0.75,0.583,HH_Active
314,HH,Passive,4,4,1850.75,1.0,0.833,HH_Passive
314,HL,Active,4,4,1130.25,1.0,0.833,HL_Active
314,HL,Passive,4,3,1344.0,0.75,0.583,HL_Passive
314,LH,Active,4,4,1541.75,1.0,0.833,LH_Active
314,LH,Passive,4,4,1493.0,1.0,0.833,LH_Passive
314,LL,Active,4,4,1233.75,1.0,0.833,LL_Active
314,LL,Passive,4,4,1754.5,1.0,0.833,LL_Passive
316,HH,Active,4,4,1718.5,1.0,0.833,HH_Active
316,HH,Passive,4,4,1848.0,1.0,0.833,HH_Passive
316,HL,Active,4,4,1178.25,1.0,0.833,HL_Active
316,HL,Passive,4,4,1564.0,1.0,0.833,HL_Passive
316,LH,Active,4,2,980.0,0.5,0.33299999999999996,LH_Active
316,LH,Passive,4,4,1526.5,1.0,0.833,LH_Passive
316,LL,Active,4,2,1122.0,0.5,0.33299999999999996,LL_Active
316,LL,Passive,4,4,1429.75,1.0,0.833,LL_Passive
317,HH,Active,4,4,1810.25,1.0,0.833,HH_Active
317,HH,Passive,4,4,1161.0,1.0,0.833,HH_Passive
317,HL,Active,4,4,1406.75,1.0,0.833,HL_Active
317,HL,Passive,4,1,924.0,0.25,0.08299999999999999,HL_Passive
317,LH,Active,4,4,1526.5,1.0,0.833,LH_Active
317,LH,Passive,4,3,1263.3333333333333,0.75,0.583,LH_Passive
317,LL,Active,4,3,1380.6666666666667,0.75,0.583,LL_Active
317,LL,Passive,4,4,1245.0,1.0,0.833,LL_Passive
318,HH,Active,4,4,1671.75,1.0,0.833,HH_Active
318,HH,Passive,4,4,2038.5,1.0,0.833,HH_Passive
318,HL,Active,4,4,1849.25,1.0,0.833,HL_Active
318,HL,Passive,4,4,1904.25,1.0,0.833,HL_Passive
318,LH,Active,4,3,2028.3333333333333,0.75,0.583,LH_Active
318,LH,Passive,4,3,2003.3333333333333,0.75,0.583,LH_Passive
318,LL,Active,4,4,1741.25,1.0,0.833,LL_Active
318,LL,Passive,4,3,2133.6666666666665,0.75,0.583,LL_Passive
322,HH,Active,4,3,1537.0,0.75,0.583,HH_Active
322,HH,Passive,4,3,1862.3333333333333,0.75,0.583,HH_Passive
322,HL,Active,4,4,1260.25,1.0,0.833,HL_Active
322,HL,Passive,4,2,1686.5,0.5,0.33299999999999996,HL_Passive
322,LH,Active,4,3,1766.0,0.75,0.583,LH_Active
322,LH,Passive,4,3,1341.0,0.75,0.583,LH_Passive
322,LL,Active,4,3,1708.6666666666667,0.75,0.583,LL_Active
322,LL,Passive,4,3,1156.3333333333333,0.75,0.583,LL_Passive
323,HH,Active,4,4,1980.0,1.0,0.833,HH_Active
323,HH,Passive,4,4,1688.0,1.0,0.833,HH_Passive
323,HL,Active,4,3,1372.0,0.75,0.583,HL_Active
323,HL,Passive,4,4,2179.25,1.0,0.833,HL_Passive
323,LH,Active,4,4,1429.0,1.0,0.833,LH_Active
323,LH,Passive,4,4,1510.0,1.0,0.833,LH_Passive
323,LL,Active,4,4,1558.25,1.0,0.833,LL_Active
323,LL,Passive,4,4,2120.25,1.0,0.833,LL_Passive
325,HH,Active,4,2,1555.0,0.5,0.33299999999999996,HH_Active
325,HH,Passive,4,4,1888.5,1.0,0.833,HH_Passive
325,HL,Active,4,0,,0.0,-0.167,HL_Active
325,HL,Passive,4,3,2168.0,0.75,0.583,HL_Passive
325,LH,Active,4,1,2637.0,0.25,0.08299999999999999,LH_Active
325,LH,Passive,4,2,1781.0,0.5,0.33299999999999996,LH_Passive
325,LL,Active,4,1,2978.0,0.25,0.08299999999999999,LL_Active
325,LL,Passive,4,4,2349.5,1.0,0.833,LL_Passive
326,HH,Active,4,1,1225.0,0.25,0.08299999999999999,HH_Active
326,HH,Passive,4,3,1174.0,0.75,0.583,HH_Passive
326,HL,Active,4,2,999.0,0.5,0.33299999999999996,HL_Active
326,HL,Passive,4,4,1093.0,1.0,0.833,HL_Passive
326,LH,Active,4,3,1615.6666666666667,0.75,0.583,LH_Active
326,LH,Passive,4,3,1070.0,0.75,0.583,LH_Passive
326,LL,Active,4,3,1486.3333333333333,0.75,0.583,LL_Active
326,LL,Passive,4,4,1676.5,1.0,0.833,LL_Passive
327,HH,Active,4,4,1760.0,1.0,0.833,HH_Active
327,HH,Passive,4,4,2019.5,1.0,0.833,HH_Passive
327,HL,Active,4,4,2150.25,1.0,0.833,HL_Active
327,HL,Passive,4,4,1696.0,1.0,0.833,HL_Passive
327,LH,Active,4,4,1541.0,1.0,0.833,LH_Active
327,LH,Passive,4,4,1809.0,1.0,0.833,LH_Passive
327,LL,Active,4,2,2289.0,0.5,0.33299999999999996,LL_Active
327,LL,Passive,4,4,2554.0,1.0,0.833,LL_Passive
328,HH,Active,4,4,1168.5,1.0,0.833,HH_Active
328,HH,Passive,4,4,1477.5,1.0,0.833,HH_Passive
328,HL,Active,4,2,981.0,0.5,0.33299999999999996,HL_Active
328,HL,Passive,4,3,1121.6666666666667,0.75,0.583,HL_Passive
328,LH,Active,4,4,1285.25,1.0,0.833,LH_Active
328,LH,Passive,4,3,1594.6666666666667,0.75,0.583,LH_Passive
328,LL,Active,4,4,1484.25,1.0,0.833,LL_Active
328,LL,Passive,4,4,1497.75,1.0,0.833,LL_Passive
329,HH,Active,4,3,1962.3333333333333,0.75,0.583,HH_Active
329,HH,Passive,4,4,3123.25,1.0,0.833,HH_Passive
329,HL,Active,4,4,2251.75,1.0,0.833,HL_Active
329,HL,Passive,4,2,3003.5,0.5,0.33299999999999996,HL_Passive
329,LH,Active,4,2,2825.5,0.5,0.33299999999999996,LH_Active
329,LH,Passive,4,3,1894.3333333333333,0.75,0.583,LH_Passive
329,LL,Active,4,4,1374.0,1.0,0.833,LL_Active
329,LL,Passive,4,2,1682.0,0.5,0.33299999999999996,LL_Passive
330,HH,Active,4,4,3385.75,1.0,0.833,HH_Active
330,HH,Passive,4,4,2111.5,1.0,0.833,HH_Passive
330,HL,Active,4,3,2505.0,0.75,0.583,HL_Active
330,HL,Passive,4,4,2966.25,1.0,0.833,HL_Passive
330,LH,Active,4,4,2252.25,1.0,0.833,LH_Active
330,LH,Passive,4,3,2153.3333333333335,0.75,0.583,LH_Passive
330,LL,Active,4,2,2168.5,0.5,0.33299999999999996,LL_Active
330,LL,Passive,4,2,2459.5,0.5,0.33299999999999996,LL_Passive
331,HH,Active,4,2,2148.0,0.5,0.33299999999999996,HH_Active
331,HH,Passive,4,4,2877.25,1.0,0.833,HH_Passive
331,HL,Active,4,3,2315.6666666666665,0.75,0.583,HL_Active
331,HL,Passive,4,2,2416.0,0.5,0.33299999999999996,HL_Passive
331,LH,Active,4,3,2203.3333333333335,0.75,0.583,LH_Active
331,LH,Passive,4,4,2911.25,1.0,0.833,LH_Passive
331,LL,Active,4,3,2236.0,0.75,0.583,LL_Active
331,LL,Passive,4,2,2463.5,0.5,0.33299999999999996,LL_Passive
333,HH,Active,4,4,1606.0,1.0,0.833,HH_Active
333,HH,Passive,4,3,1320.0,0.75,0.583,HH_Passive
333,HL,Active,4,4,1905.75,1.0,0.833,HL_Active
333,HL,Passive,4,4,2203.25,1.0,0.833,HL_Passive
333,LH,Active,4,4,2261.75,1.0,0.833,LH_Active
333,LH,Passive,4,4,1642.75,1.0,0.833,LH_Passive
333,LL,Active,4,3,1762.6666666666667,0.75,0.583,LL_Active
333,LL,Passive,4,4,2074.75,1.0,0.833,LL_Passive
339,HH,Active,4,4,1839.0,1.0,0.833,HH_Active
339,HH,Passive,4,4,2084.0,1.0,0.833,HH_Passive
339,HL,Active,4,4,2034.25,1.0,0.833,HL_Active
339,HL,Passive,4,4,2103.5,1.0,0.833,HL_Passive
339,LH,Active,4,4,1324.75,1.0,0.833,LH_Active
339,LH,Passive,4,4,1760.5,1.0,0.833,LH_Passive
339,LL,Active,4,4,1437.25,1.0,0.833,LL_Active
339,LL,Passive,4,3,2141.3333333333335,0.75,0.583,LL_Passive
340,HH,Active,4,4,1504.75,1.0,0.833,HH_Active
340,HH,Passive,4,4,1653.5,1.0,0.833,HH_Passive
340,HL,Active,4,4,1811.0,1.0,0.833,HL_Active
340,HL,Passive,4,4,1682.0,1.0,0.833,HL_Passive
340,LH,Active,4,4,1411.0,1.0,0.833,LH_Active
340,LH,Passive,4,4,1683.25,1.0,0.833,LH_Passive
340,LL,Active,4,3,1604.3333333333333,0.75,0.583,LL_Active
340,LL,Passive,4,4,1645.5,1.0,0.833,LL_Passive
342,HH,Active,4,4,1332.75,1.0,0.833,HH_Active
342,HH,Passive,4,3,1151.0,0.75,0.583,HH_Passive
342,HL,Active,4,4,1317.75,1.0,0.833,HL_Active
342,HL,Passive,4,4,1475.75,1.0,0.833,HL_Passive
342,LH,Active,4,4,1326.0,1.0,0.833,LH_Active
342,LH,Passive,4,4,1475.5,1.0,0.833,LH_Passive
342,LL,Active,4,4,1373.0,1.0,0.833,LL_Active
342,LL,Passive,4,4,1626.25,1.0,0.833,LL_Passive
343,HH,Active,4,4,1434.25,1.0,0.833,HH_Active
343,HH,Passive,4,3,932.6666666666666,0.75,0.583,HH_Passive
343,HL,Active,4,1,695.0,0.25,0.08299999999999999,HL_Active
343,HL,Passive,4,3,1241.6666666666667,0.75,0.583,HL_Passive
343,LH,Active,4,4,920.5,1.0,0.833,LH_Active
343,LH,Passive,4,2,1739.5,0.5,0.33299999999999996,LH_Passive
343,LL,Active,4,3,1423.6666666666667,0.75,0.583,LL_Active
343,LL,Passive,4,3,1583.3333333333333,0.75,0.583,LL_Passive
344,HH,Active,4,4,1732.0,1.0,0.833,HH_Active
344,HH,Passive,4,4,1707.75,1.0,0.833,HH_Passive
344,HL,Active,4,3,1719.6666666666667,0.75,0.583,HL_Active
344,HL,Passive,4,4,2140.0,1.0,0.833,HL_Passive
344,LH,Active,4,4,1576.5,1.0,0.833,LH_Active
344,LH,Passive,4,4,1635.0,1.0,0.833,LH_Passive
344,LL,Active,4,4,1862.5,1.0,0.833,LL_Active
344,LL,Passive,4,4,1696.5,1.0,0.833,LL_Passive
346,HH,Active,2,2,1721.0,1.0,0.833,HH_Active
346,HH,Passive,2,2,1340.0,1.0,0.833,HH_Passive
346,HL,Active,2,2,1197.5,1.0,0.833,HL_Active
346,HL,Passive,2,2,2080.5,1.0,0.833,HL_Passive
346,LH,Active,2,2,1496.5,1.0,0.833,LH_Active
346,LH,Passive,2,2,1147.5,1.0,0.833,LH_Passive
346,LL,Active,2,2,2277.0,1.0,0.833,LL_Active
346,LL,Passive,2,2,1737.0,1.0,0.833,LL_Passive
350,HH,Active,4,3,1528.0,0.75,0.583,HH_Active
350,HH,Passive,4,1,2032.0,0.25,0.08299999999999999,HH_Passive
350,HL,Active,4,3,1743.3333333333333,0.75,0.583,HL_Active
350,HL,Passive,4,4,1942.0,1.0,0.833,HL_Passive
350,LH,Active,4,3,1466.6666666666667,0.75,0.583,LH_Active
350,LH,Passive,4,3,1590.0,0.75,0.583,LH_Passive
350,LL,Active,4,2,1990.5,0.5,0.33299999999999996,LL_Active
350,LL,Passive,4,3,2094.3333333333335,0.75,0.583,LL_Passive
351,HH,Active,4,3,1808.0,0.75,0.583,HH_Active
351,HH,Passive,4,4,1938.25,1.0,0.833,HH_Passive
351,HL,Active,4,4,1978.5,1.0,0.833,HL_Active
351,HL,Passive,4,4,1784.5,1.0,0.833,HL_Passive
351,LH,Active,4,4,1560.5,1.0,0.833,LH_Active
351,LH,Passive,4,4,1907.0,1.0,0.833,LH_Passive
351,LL,Active,4,4,1740.0,1.0,0.833,LL_Active
351,LL,Passive,4,4,1458.0,1.0,0.833,LL_Passive
354,HH,Active,4,2,1221.5,0.5,0.33299999999999996,HH_Active
354,HH,Passive,4,3,1664.0,0.75,0.583,HH_Passive
354,HL,Active,4,4,1251.0,1.0,0.833,HL_Active
354,HL,Passive,4,4,1347.25,1.0,0.833,HL_Passive
354,LH,Active,4,4,1968.75,1.0,0.833,LH_Active
354,LH,Passive,4,3,1042.3333333333333,0.75,0.583,LH_Passive
354,LL,Active,4,2,1887.0,0.5,0.33299999999999996,LL_Active
354,LL,Passive,4,3,1736.6666666666667,0.75,0.583,LL_Passive
355,HH,Active,4,2,1526.0,0.5,0.33299999999999996,HH_Active
355,HH,Passive,4,4,1371.75,1.0,0.833,HH_Passive
355,HL,Active,4,4,1557.5,1.0,0.833,HL_Active
355,HL,Passive,4,4,1733.5,1.0,0.833,HL_Passive
355,LH,Active,4,3,1791.0,0.75,0.583,LH_Active
355,LH,Passive,4,3,1383.3333333333333,0.75,0.583,LH_Passive
355,LL,Active,4,4,1469.0,1.0,0.833,LL_Active
355,LL,Passive,4,4,1392.25,1.0,0.833,LL_Passive
356,HH,Active,4,3,1515.0,0.75,0.583,HH_Active
356,HH,Passive,4,4,2206.75,1.0,0.833,HH_Passive
356,HL,Active,4,4,1396.75,1.0,0.833,HL_Active
356,HL,Passive,4,4,1703.75,1.0,0.833,HL_Passive
356,LH,Active,4,3,1762.3333333333333,0.75,0.583,LH_Active
356,LH,Passive,4,3,1423.0,0.75,0.583,LH_Passive
356,LL,Active,4,3,1481.6666666666667,0.75,0.583,LL_Active
356,LL,Passive,4,4,2313.0,1.0,0.833,LL_Passive
361,HH,Active,4,4,1674.5,1.0,0.833,HH_Active
361,HH,Passive,4,4,1878.75,1.0,0.833,HH_Passive
361,HL,Active,4,4,1527.75,1.0,0.833,HL_Active
361,HL,Passive,4,4,2199.0,1.0,0.833,HL_Passive
361,LH,Active,4,4,1771.0,1.0,0.833,LH_Active
361,LH,Passive,4,4,1962.0,1.0,0.833,LH_Passive
361,LL,Active,4,4,2109.75,1.0,0.833,LL_Active
361,LL,Passive,4,4,2221.5,1.0,0.833,LL_Passive
362,HH,Active,4,3,1540.3333333333333,0.75,0.583,HH_Active
362,HH,Passive,4,3,2191.0,0.75,0.583,HH_Passive
362,HL,Active,4,2,2168.0,0.5,0.33299999999999996,HL_Active
362,HL,Passive,4,4,1556.25,1.0,0.833,HL_Passive
362,LH,Active,4,3,1967.3333333333333,0.75,0.583,LH_Active
362,LH,Passive,4,3,1526.3333333333333,0.75,0.583,LH_Passive
362,LL,Active,4,2,1900.0,0.5,0.33299999999999996,LL_Active
362,LL,Passive,4,3,2705.3333333333335,0.75,0.583,LL_Passive
363,HH,Active,4,3,1561.3333333333333,0.75,0.583,HH_Active
363,HH,Passive,4,4,1367.75,1.0,0.833,HH_Passive
363,HL,Active,4,4,1267.25,1.0,0.833,HL_Active
363,HL,Passive,4,4,1483.75,1.0,0.833,HL_Passive
363,LH,Active,4,3,1282.3333333333333,0.75,0.583,LH_Active
363,LH,Passive,4,3,1723.3333333333333,0.75,0.583,LH_Passive
363,LL,Active,4,3,1616.0,0.75,0.583,LL_Active
363,LL,Passive,4,4,1532.25,1.0,0.833,LL_Passive
364,HH,Active,4,4,1346.75,1.0,0.833,HH_Active
364,HH,Passive,4,2,1409.0,0.5,0.33299999999999996,HH_Passive
364,HL,Active,4,3,1731.6666666666667,0.75,0.583,HL_Active
364,HL,Passive,4,4,1554.25,1.0,0.833,HL_Passive
364,LH,Active,4,3,1971.6666666666667,0.75,0.583,LH_Active
364,LH,Passive,4,3,1788.6666666666667,0.75,0.583,LH_Passive
364,LL,Active,4,3,1416.6666666666667,0.75,0.583,LL_Active
364,LL,Passive,4,2,1352.5,0.5,0.33299999999999996,LL_Passive
366,HH,Active,4,4,2062.25,1.0,0.833,HH_Active
366,HH,Passive,4,4,2480.25,1.0,0.833,HH_Passive
366,HL,Active,4,4,1738.0,1.0,0.833,HL_Active
366,HL,Passive,4,3,2330.0,0.75,0.583,HL_Passive
366,LH,Active,4,3,2086.6666666666665,0.75,0.583,LH_Active
366,LH,Passive,4,4,2030.25,1.0,0.833,LH_Passive
366,LL,Active,4,4,2147.25,1.0,0.833,LL_Active
366,LL,Passive,4,4,2221.25,1.0,0.833,LL_Passive
367,HH,Active,2,2,2329.0,1.0,0.833,HH_Active
367,HH,Passive,2,2,1262.5,1.0,0.833,HH_Passive
367,HL,Active,2,2,1388.5,1.0,0.833,HL_Active
367,HL,Passive,2,2,1289.5,1.0,0.833,HL_Passive
367,LH,Active,2,2,1303.5,1.0,0.833,LH_Active
367,LH,Passive,2,2,1578.0,1.0,0.833,LH_Passive
367,LL,Active,2,2,1455.5,1.0,0.833,LL_Active
367,LL,Passive,2,2,2145.0,1.0,0.833,LL_Passive
368,HH,Active,4,4,1034.0,1.0,0.833,HH_Active
368,HH,Passive,4,3,1326.6666666666667,0.75,0.583,HH_Passive
368,HL,Active,4,3,1226.6666666666667,0.75,0.583,HL_Active
368,HL,Passive,4,3,1221.6666666666667,0.75,0.583,HL_Passive
368,LH,Active,4,4,1435.25,1.0,0.833,LH_Active
368,LH,Passive,4,4,1262.5,1.0,0.833,LH_Passive
368,LL,Active,4,3,1661.3333333333333,0.75,0.583,LL_Active
368,LL,Passive,4,2,962.0,0.5,0.33299999999999996,LL_Passive
369,HH,Active,4,2,1858.5,0.5,0.33299999999999996,HH_Active
369,HH,Passive,4,2,1794.0,0.5,0.33299999999999996,HH_Passive
369,HL,Active,4,2,1112.5,0.5,0.33299999999999996,HL_Active
369,HL,Passive,4,3,1969.0,0.75,0.583,HL_Passive
369,LH,Active,4,3,1749.3333333333333,0.75,0.583,LH_Active
369,LH,Passive,4,2,1753.0,0.5,0.33299999999999996,LH_Passive
369,LL,Active,4,2,1387.5,0.5,0.33299999999999996,LL_Active
369,LL,Passive,4,3,2579.3333333333335,0.75,0.583,LL_Passive
370,HH,Active,4,4,1681.25,1.0,0.833,HH_Active
370,HH,Passive,4,4,1807.5,1.0,0.833,HH_Passive
370,HL,Active,4,3,1313.3333333333333,0.75,0.583,HL_Active
370,HL,Passive,4,2,1569.0,0.5,0.33299999999999996,HL_Passive
370,LH,Active,4,4,1666.5,1.0,0.833,LH_Active
370,LH,Passive,4,3,1749.3333333333333,0.75,0.583,LH_Passive
370,LL,Active,4,1,2701.0,0.25,0.08299999999999999,LL_Active
370,LL,Passive,4,2,1102.5,0.5,0.33299999999999996,LL_Passive
371,HH,Active,4,0,,0.0,-0.167,HH_Active
371,HH,Passive,4,2,1695.5,0.5,0.33299999999999996,HH_Passive
371,HL,Active,4,1,1810.0,0.25,0.08299999999999999,HL_Active
371,HL,Passive,4,3,2852.0,0.75,0.583,HL_Passive
371,LH,Active,4,2,1882.0,0.5,0.33299999999999996,LH_Active
371,LH,Passive,4,0,,0.0,-0.167,LH_Passive
371,LL,Active,4,2,2004.5,0.5,0.33299999999999996,LL_Active
371,LL,Passive,4,1,2461.0,0.25,0.08299999999999999,LL_Passive
372,HH,Active,4,2,1047.0,0.5,0.33299999999999996,HH_Active
372,HH,Passive,4,3,1237.0,0.75,0.583,HH_Passive
372,HL,Active,4,4,1201.0,1.0,0.833,HL_Active
372,HL,Passive,4,4,1186.25,1.0,0.833,HL_Passive
372,LH,Active,4,4,1424.5,1.0,0.833,LH_Active
372,LH,Passive,4,4,1598.25,1.0,0.833,LH_Passive
372,LL,Active,4,3,1011.0,0.75,0.583,LL_Active
372,LL,Passive,4,2,854.0,0.5,0.33299999999999996,LL_Passive
373,HH,Active,4,3,1654.6666666666667,0.75,0.583,HH_Active
373,HH,Passive,4,1,1660.0,0.25,0.08299999999999999,HH_Passive
373,HL,Active,4,3,2561.6666666666665,0.75,0.583,HL_Active
373,HL,Passive,4,3,1577.3333333333333,0.75,0.583,HL_Passive
373,LH,Active,4,2,1239.0,0.5,0.33299999999999996,LH_Active
373,LH,Passive,4,3,1527.0,0.75,0.583,LH_Passive
373,LL,Active,4,3,1158.0,0.75,0.583,LL_Active
373,LL,Passive,4,4,1834.5,1.0,0.833,LL_Passive
374,HH,Active,4,3,2099.6666666666665,0.75,0.583,HH_Active
374,HH,Passive,4,3,2094.0,0.75,0.583,HH_Passive
374,HL,Active,4,2,1918.5,0.5,0.33299999999999996,HL_Active
374,HL,Passive,4,2,1911.5,0.5,0.33299999999999996,HL_Passive
374,LH,Active,4,3,1197.0,0.75,0.583,LH_Active
374,LH,Passive,4,4,1513.75,1.0,0.833,LH_Passive
374,LL,Active,4,2,1298.0,0.5,0.33299999999999996,LL_Active
374,LL,Passive,4,2,1275.5,0.5,0.33299999999999996,LL_Passive
375,HH,Active,4,3,2143.0,0.75,0.583,HH_Active
375,HH,Passive,4,4,1694.0,1.0,0.833,HH_Passive
375,HL,Active,4,4,1749.5,1.0,0.833,HL_Active
375,HL,Passive,4,4,1761.0,1.0,0.833,HL_Passive
375,LH,Active,4,3,1665.3333333333333,0.75,0.583,LH_Active
375,LH,Passive,4,3,1699.3333333333333,0.75,0.583,LH_Passive
375,LL,Active,4,4,1662.25,1.0,0.833,LL_Active
375,LL,Passive,4,2,2379.5,0.5,0.33299999999999996,LL_Passive
377,HH,Active,4,4,1991.0,1.0,0.833,HH_Active
377,HH,Passive,4,2,2434.0,0.5,0.33299999999999996,HH_Passive
377,HL,Active,4,3,1518.0,0.75,0.583,HL_Active
377,HL,Passive,4,4,2088.75,1.0,0.833,HL_Passive
377,LH,Active,4,1,3050.0,0.25,0.08299999999999999,LH_Active
377,LH,Passive,4,4,1730.5,1.0,0.833,LH_Passive
377,LL,Active,4,3,1853.0,0.75,0.583,LL_Active
377,LL,Passive,4,3,2174.6666666666665,0.75,0.583,LL_Passive
378,HH,Active,4,4,1114.5,1.0,0.833,HH_Active
378,HH,Passive,4,4,1218.0,1.0,0.833,HH_Passive
378,HL,Active,4,3,965.0,0.75,0.583,HL_Active
378,HL,Passive,4,4,1193.75,1.0,0.833,HL_Passive
378,LH,Active,4,4,1426.5,1.0,0.833,LH_Active
378,LH,Passive,4,4,1170.0,1.0,0.833,LH_Passive
378,LL,Active,4,4,1556.25,1.0,0.833,LL_Active
378,LL,Passive,4,4,1215.75,1.0,0.833,LL_Passive
379,HH,Active,4,2,1644.5,0.5,0.33299999999999996,HH_Active
379,HH,Passive,4,1,1308.0,0.25,0.08299999999999999,HH_Passive
379,HL,Active,4,2,1955.0,0.5,0.33299999999999996,HL_Active
379,HL,Passive,4,2,1968.5,0.5,0.33299999999999996,HL_Passive
379,LH,Active,4,3,1586.6666666666667,0.75,0.583,LH_Active
379,LH,Passive,4,3,1332.6666666666667,0.75,0.583,LH_Passive
379,LL,Active,4,0,,0.0,-0.167,LL_Active
379,LL,Passive,4,0,,0.0,-0.167,LL_Passive
380,HH,Active,4,3,1652.3333333333333,0.75,0.583,HH_Active
380,HH,Passive,4,4,1957.5,1.0,0.833,HH_Passive
380,HL,Active,4,3,2031.3333333333333,0.75,0.583,HL_Active
380,HL,Passive,4,4,1818.75,1.0,0.833,HL_Passive
380,LH,Active,4,4,1775.0,1.0,0.833,LH_Active
380,LH,Passive,4,4,1782.5,1.0,0.833,LH_Passive
380,LL,Active,4,3,1903.0,0.75,0.583,LL_Active
380,LL,Passive,4,3,1837.3333333333333,0.75,0.583,LL_Passive
381,HH,Active,4,4,1039.5,1.0,0.833,HH_Active
381,HH,Passive,4,4,1090.75,1.0,0.833,HH_Passive
381,HL,Active,4,4,1635.25,1.0,0.833,HL_Active
381,HL,Passive,4,4,1455.25,1.0,0.833,HL_Passive
381,LH,Active,4,4,1728.25,1.0,0.833,LH_Active
381,LH,Passive,4,4,1816.5,1.0,0.833,LH_Passive
381,LL,Active,4,4,1289.25,1.0,0.833,LL_Active
381,LL,Passive,4,4,1477.0,1.0,0.833,LL_Passive
382,HH,Active,4,4,1198.5,1.0,0.833,HH_Active
382,HH,Passive,4,4,1890.0,1.0,0.833,HH_Passive
382,HL,Active,4,4,1394.25,1.0,0.833,HL_Active
382,HL,Passive,4,4,1499.0,1.0,0.833,HL_Passive
382,LH,Active,4,3,1407.3333333333333,0.75,0.583,LH_Active
382,LH,Passive,4,4,1115.75,1.0,0.833,LH_Passive
382,LL,Active,4,3,1454.3333333333333,0.75,0.583,LL_Active
382,LL,Passive,4,3,1654.0,0.75,0.583,LL_Passive
383,HH,Active,4,4,2480.25,1.0,0.833,HH_Active
383,HH,Passive,4,4,2401.5,1.0,0.833,HH_Passive
383,HL,Active,4,4,2361.75,1.0,0.833,HL_Active
383,HL,Passive,4,3,2592.0,0.75,0.583,HL_Passive
383,LH,Active,4,3,2594.0,0.75,0.583,LH_Active
383,LH,Passive,4,3,2146.3333333333335,0.75,0.583,LH_Passive
383,LL,Active,4,4,1818.5,1.0,0.833,LL_Active
383,LL,Passive,4,3,2657.3333333333335,0.75,0.583,LL_Passive
384,HH,Active,4,3,1398.3333333333333,0.75,0.583,HH_Active
384,HH,Passive,4,3,2754.3333333333335,0.75,0.583,HH_Passive
384,HL,Active,4,3,1783.0,0.75,0.583,HL_Active
384,HL,Passive,4,3,1501.0,0.75,0.583,HL_Passive
384,LH,Active,4,4,1365.75,1.0,0.833,LH_Active
384,LH,Passive,4,4,2119.75,1.0,0.833,LH_Passive
384,LL,Active,4,2,1924.5,0.5,0.33299999999999996,LL_Active
384,LL,Passive,4,4,1605.5,1.0,0.833,LL_Passive
386,HH,Active,4,2,1170.5,0.5,0.33299999999999996,HH_Active
386,HH,Passive,4,3,1152.6666666666667,0.75,0.583,HH_Passive
386,HL,Active,4,2,2508.0,0.5,0.33299999999999996,HL_Active
386,HL,Passive,4,2,1113.5,0.5,0.33299999999999996,HL_Passive
386,LH,Active,4,3,1658.6666666666667,0.75,0.583,LH_Active
386,LH,Passive,4,2,1333.0,0.5,0.33299999999999996,LH_Passive
386,LL,Active,4,3,1638.3333333333333,0.75,0.583,LL_Active
386,LL,Passive,4,2,2603.5,0.5,0.33299999999999996,LL_Passive
390,HH,Active,4,3,2122.6666666666665,0.75,0.583,HH_Active
390,HH,Passive,4,4,2452.0,1.0,0.833,HH_Passive
390,HL,Active,4,2,1970.5,0.5,0.33299999999999996,HL_Active
390,HL,Passive,4,1,1936.0,0.25,0.08299999999999999,HL_Passive
390,LH,Active,4,2,1999.0,0.5,0.33299999999999996,LH_Active
390,LH,Passive,4,3,2382.3333333333335,0.75,0.583,LH_Passive
390,LL,Active,4,2,2970.0,0.5,0.33299999999999996,LL_Active
390,LL,Passive,4,1,1706.0,0.25,0.08299999999999999,LL_Passive
391,HH,Active,4,3,1483.0,0.75,0.583,HH_Active
391,HH,Passive,4,4,1435.5,1.0,0.833,HH_Passive
391,HL,Active,4,4,1552.0,1.0,0.833,HL_Active
391,HL,Passive,4,3,1202.6666666666667,0.75,0.583,HL_Passive
391,LH,Active,4,3,1360.3333333333333,0.75,0.583,LH_Active
391,LH,Passive,4,4,1673.25,1.0,0.833,LH_Passive
391,LL,Active,4,3,1583.0,0.75,0.583,LL_Active
391,LL,Passive,4,3,1756.0,0.75,0.583,LL_Passive
392,HH,Active,4,3,1827.3333333333333,0.75,0.583,HH_Active
392,HH,Passive,4,4,1361.25,1.0,0.833,HH_Passive
392,HL,Active,4,3,1510.3333333333333,0.75,0.583,HL_Active
392,HL,Passive,4,4,1883.0,1.0,0.833,HL_Passive
392,LH,Active,4,3,1771.3333333333333,0.75,0.583,LH_Active
392,LH,Passive,4,4,1645.75,1.0,0.833,LH_Passive
392,LL,Active,4,3,1712.3333333333333,0.75,0.583,LL_Active
392,LL,Passive,4,4,2269.5,1.0,0.833,LL_Passive
395,HH,Active,4,3,1829.0,0.75,0.583,HH_Active
395,HH,Passive,4,3,2045.0,0.75,0.583,HH_Passive
395,HL,Active,4,4,2100.0,1.0,0.833,HL_Active
395,HL,Passive,4,3,2217.3333333333335,0.75,0.583,HL_Passive
395,LH,Active,4,3,2071.0,0.75,0.583,LH_Active
395,LH,Passive,4,4,1791.0,1.0,0.833,LH_Passive
395,LL,Active,4,4,1618.75,1.0,0.833,LL_Active
395,LL,Passive,4,2,1598.5,0.5,0.33299999999999996,LL_Passive
396,HH,Active,4,3,2076.3333333333335,0.75,0.583,HH_Active
396,HH,Passive,4,4,1576.25,1.0,0.833,HH_Passive
396,HL,Active,4,4,2036.0,1.0,0.833,HL_Active
396,HL,Passive,4,4,1567.0,1.0,0.833,HL_Passive
396,LH,Active,4,4,1272.75,1.0,0.833,LH_Active
396,LH,Passive,4,4,1372.25,1.0,0.833,LH_Passive
396,LL,Active,4,4,1595.5,1.0,0.833,LL_Active
396,LL,Passive,4,3,1782.3333333333333,0.75,0.583,LL_Passive
397,HH,Active,4,4,1999.25,1.0,0.833,HH_Active
397,HH,Passive,4,3,2544.0,0.75,0.583,HH_Passive
397,HL,Active,4,4,2044.0,1.0,0.833,HL_Active
397,HL,Passive,4,3,2596.0,0.75,0.583,HL_Passive
397,LH,Active,4,4,1650.0,1.0,0.833,LH_Active
397,LH,Passive,4,3,2085.3333333333335,0.75,0.583,LH_Passive
397,LL,Active,4,4,1911.0,1.0,0.833,LL_Active
397,LL,Passive,4,3,2635.0,0.75,0.583,LL_Passive
398,HH,Active,4,4,1364.75,1.0,0.833,HH_Active
398,HH,Passive,4,4,1167.5,1.0,0.833,HH_Passive
398,HL,Active,4,3,1422.6666666666667,0.75,0.583,HL_Active
398,HL,Passive,4,4,1379.5,1.0,0.833,HL_Passive
398,LH,Active,4,3,2071.3333333333335,0.75,0.583,LH_Active
398,LH,Passive,4,4,1081.25,1.0,0.833,LH_Passive
398,LL,Active,4,2,1335.0,0.5,0.33299999999999996,LL_Active
398,LL,Passive,4,3,1557.0,0.75,0.583,LL_Passive
